<!DOCTYPE generatorConfiguration
        PUBLIC "-//mybatis.org//DTD MyBatis Generator Configuration 1.0//EN"
        "http://mybatis.org/dtd/mybatis-generator-config_1_0.dtd">

<generatorConfiguration>
    <properties resource="db.properties"/>

    <context id="Mysql" targetRuntime="MyBatis3Simple" defaultModelType="flat">
        <property name="beginningDelimiter" value="`"/>
        <property name="endingDelimiter" value="`"/>

        <plugin type="tk.mybatis.mapper.generator.MapperPlugin">
            <property name="mappers" value="tk.mybatis.mapper.common.Mapper"/>
            <property name="caseSensitive" value="true"/>
        </plugin>

        <jdbcConnection driverClass="${driver}"
                        connectionURL="${url}"
                        userId="${username}"
                        password="${password}">
        </jdbcConnection>
        <!--实体类位置-->
        <javaModelGenerator targetPackage="com.java.pojo"
                            targetProject="src/main/java"/>
        <!--XXXMapper.xml-->
        <sqlMapGenerator targetPackage="mapper"
                         targetProject="src/main/resources"/>
        <!--XXXDao-->
        <javaClientGenerator targetPackage="com.java.mapper"
                             targetProject="src/main/java"
                             type="XMLMAPPER"/>
        <!--字段对应实体类生成-->
        <table tableName="ttt_p_images" domainObjectName="PostsImages">
            <generatedKey column="imgid" sqlStatement="JDBC"/>
        </table>

    </context>
</generatorConfiguration>