<?xml version="1.0" encoding="UTF-8"?>
<beans xmlns="http://www.springframework.org/schema/beans"
       xmlns:xsi="http://www.w3.org/2001/XMLSchema-instance"
       xmlns:context="http://www.springframework.org/schema/context"
       xmlns:mvc="http://www.springframework.org/schema/mvc"
       xsi:schemaLocation="http://www.springframework.org/schema/beans
       http://www.springframework.org/schema/beans/spring-beans.xsd
       http://www.springframework.org/schema/context
       http://www.springframework.org/schema/context/spring-context.xsd
         http://www.springframework.org/schema/mvc
       http://www.springframework.org/schema/mvc/spring-mvc.xsd">

    <!--扫描controller所在的包-->
    <context:component-scan base-package="com.java.controller"></context:component-scan>
    <!--不需要配置处理器映射器，默认的处理器映射器-->
    <mvc:annotation-driven></mvc:annotation-driven>
    <!--视图解析器-->
    <bean class="org.springframework.web.servlet.view.InternalResourceViewResolver">
        <property name="prefix" value="/WEB-INF/jsp/"></property>
        <property name="suffix" value=".jsp"></property>
    </bean>
    <!--放行所有的静态资源-->
    <mvc:default-servlet-handler></mvc:default-servlet-handler>
    <!--springmvc拦截器,可实现跨域-->
    <mvc:interceptors>
        <mvc:interceptor>
            <mvc:mapping path="/**"/>
            <!--<mvc:exclude-mapping path="/hello1"></mvc:exclude-mapping>-->
            <bean class="com.java.controller.interceptor.SystemInterceptor"></bean>
        </mvc:interceptor>
    </mvc:interceptors>
    <!--文件上传-->
    <bean id="multipartResolver" class="org.springframework.web.multipart.commons.CommonsMultipartResolver">
        <!--删除文件的大小限制，单位是字节-->
        <property name="maxUploadSize" value="5000000"></property>
        <!--请求的编码-->
        <property name="defaultEncoding" value="UTF-8"></property>
    </bean>
    <!--跨域-->
    <mvc:interceptors>
        <mvc:interceptor>
            <mvc:mapping path="/**"/>
            <bean class="com.java.controller.interceptor.SystemInterceptor"></bean>
        </mvc:interceptor>
    </mvc:interceptors>
</beans>