<?xml version="1.0" encoding="UTF-8"?>
<!DOCTYPE mapper PUBLIC "-//mybatis.org//DTD Mapper 3.0//EN" "http://mybatis.org/dtd/mybatis-3-mapper.dtd">
<mapper namespace="com.java.mapper.PostsCommentMapper">
  <resultMap id="BaseResultMap" type="com.java.pojo.PostsComment">
    <!--
      WARNING - @mbg.generated
    -->
    <id column="p_cid" jdbcType="INTEGER" property="pCid" />
    <result column="uid" jdbcType="INTEGER" property="uid" />
    <result column="pid" jdbcType="INTEGER" property="pid" />
    <result column="p_cping" jdbcType="VARCHAR" property="pCping" />
    <result column="p_cdate" jdbcType="TIMESTAMP" property="pCdate" />
    <result column="p_cip" jdbcType="VARCHAR" property="pCip" />
  </resultMap>
</mapper>