<?xml version="1.0" encoding="UTF-8"?>
<!DOCTYPE mapper PUBLIC "-//mybatis.org//DTD Mapper 3.0//EN" "http://mybatis.org/dtd/mybatis-3-mapper.dtd">
<mapper namespace="com.java.mapper.PostsMapper">
  <resultMap id="BaseResultMap" type="com.java.pojo.Posts">
    <!--
      WARNING - @mbg.generated
    -->
    <id column="pid" jdbcType="INTEGER" property="pid" />
    <result column="uid" jdbcType="INTEGER" property="uid" />
    <result column="classid" jdbcType="INTEGER" property="classid" />
    <result column="pip" jdbcType="VARCHAR" property="pip" />
    <result column="pdate" jdbcType="TIMESTAMP" property="pdate" />
    <result column="ptitle" jdbcType="VARCHAR" property="ptitle" />
    <result column="pcontent" jdbcType="VARCHAR" property="pcontent" />
  </resultMap>
</mapper>