<?xml version="1.0" encoding="UTF-8"?>
<!DOCTYPE mapper PUBLIC "-//mybatis.org//DTD Mapper 3.0//EN" "http://mybatis.org/dtd/mybatis-3-mapper.dtd">
<mapper namespace="com.java.mapper.UserMapper">
  <resultMap id="BaseResultMap" type="com.java.pojo.User">
    <!--
      WARNING - @mbg.generated
    -->
    <id column="uid" jdbcType="INTEGER" property="uid" />
    <result column="uname" jdbcType="VARCHAR" property="uname" />
    <result column="upwd" jdbcType="VARCHAR" property="upwd" />
    <result column="uimg" jdbcType="VARCHAR" property="uimg" />
    <result column="udate" jdbcType="TIMESTAMP" property="udate" />
    <result column="uqq" jdbcType="INTEGER" property="uqq" />
    <result column="unickname" jdbcType="VARCHAR" property="unickname" />
  </resultMap>
</mapper>